{
  "Rows": {
    "Count": 34
  },
  "Cols": {
    "Count": 42
  },
  "Values": {
    "1,2": "TabContainer 选项卡容器",
    "5,2": "选项卡"
  },
  "AttachInfos": {
    "9,2": {
      "CellType": {
        "$type": "Forguncy.TabControlCellType, ServerDesignerCommon",
        "TemplateKey": "_RS_NewFashionStyle2",
        "Tabs": [
          "Value",
          "Font"
        ],
        "Style": {
          "BorderColor": "Background 1 -15",
          "HoverColor": "#FF23527C",
          "ActiveColor": "#FF555555"
        },
        "OverflowMode": 1
      }
    }
  },
  "StyleDatas": {
    "Styles": [
      {
        "FontFamily": 0,
        "FontSize": 26.666666666666664,
        "Formatter": 1
      },
      {
        "FontFamily": 0,
        "FontSize": 18.666666666666664,
        "FontWeight": 2,
        "Formatter": 1
      },
      {
        "FontFamily": 0
      }
    ],
    "Types": {
      "Strs": [
        "Body",
        "[AUTO]General",
        "Bold"
      ]
    },
    "CellStyles": {
      "1,2": 0,
      "5,2": 1,
      "5,3": 2,
      "5,4": 2,
      "5,5": 2,
      "5,6": 2,
      "5,7": 2,
      "5,8": 2,
      "5,9": 2,
      "5,10": 2,
      "5,11": 2,
      "5,12": 2,
      "5,13": 2,
      "5,14": 2,
      "5,15": 2,
      "5,16": 2,
      "5,17": 2,
      "5,18": 2,
      "5,19": 2,
      "5,20": 2,
      "5,21": 2,
      "5,22": 2,
      "5,23": 2,
      "5,24": 2,
      "5,25": 2,
      "5,26": 2,
      "5,27": 2,
      "5,28": 2,
      "5,29": 2,
      "5,30": 2,
      "5,31": 2,
      "5,32": 2,
      "5,33": 2,
      "5,34": 2,
      "5,35": 2,
      "6,2": 2,
      "6,3": 2,
      "6,4": 2,
      "6,5": 2,
      "6,6": 2,
      "6,7": 2,
      "6,8": 2,
      "6,9": 2,
      "6,10": 2,
      "6,11": 2,
      "6,12": 2,
      "6,13": 2,
      "6,14": 2,
      "6,15": 2,
      "6,16": 2,
      "6,17": 2,
      "6,18": 2,
      "6,19": 2,
      "6,20": 2,
      "6,21": 2,
      "6,22": 2,
      "6,23": 2,
      "6,24": 2,
      "6,25": 2,
      "6,26": 2,
      "6,27": 2,
      "6,28": 2,
      "6,29": 2,
      "6,30": 2,
      "6,31": 2,
      "6,32": 2,
      "6,33": 2,
      "6,34": 2,
      "6,35": 2,
      "8,2": 2,
      "8,3": 2,
      "8,4": 2,
      "8,5": 2,
      "8,6": 2,
      "8,7": 2,
      "8,8": 2,
      "8,9": 2,
      "8,10": 2,
      "8,11": 2,
      "8,12": 2,
      "8,13": 2,
      "8,14": 2,
      "8,15": 2,
      "8,16": 2,
      "8,17": 2,
      "8,18": 2,
      "8,19": 2,
      "8,20": 2,
      "8,21": 2,
      "8,22": 2,
      "8,23": 2,
      "8,24": 2,
      "8,25": 2,
      "8,26": 2,
      "8,27": 2,
      "8,28": 2,
      "8,29": 2,
      "8,30": 2,
      "8,31": 2,
      "8,32": 2,
      "8,33": 2,
      "8,34": 2,
      "8,35": 2,
      "32,2": 2,
      "32,3": 2,
      "32,4": 2,
      "32,5": 2,
      "32,6": 2,
      "32,7": 2,
      "32,8": 2,
      "32,9": 2,
      "32,10": 2,
      "32,11": 2,
      "32,12": 2,
      "32,13": 2,
      "32,14": 2,
      "32,15": 2,
      "32,16": 2,
      "32,17": 2,
      "32,18": 2,
      "32,19": 2,
      "32,20": 2,
      "32,21": 2,
      "32,22": 2,
      "32,23": 2,
      "32,24": 2,
      "32,25": 2,
      "32,26": 2,
      "32,27": 2,
      "32,28": 2,
      "32,29": 2,
      "32,30": 2,
      "32,31": 2,
      "32,32": 2,
      "32,33": 2,
      "32,34": 2,
      "32,35": 2
    },
    "SheetStyle": {
      "FontFamily": 0
    }
  },
  "Spans": [
    "5,2,2,9",
    "9,2,21,38",
    "1,2,2,16"
  ],
  "PageInfo": {
    "$type": "Forguncy.Model.Pages.NormalPage, ServerDesignerCommon",
    "MasterPageName": "LearnParentPage",
    "PermissionData": {
      "$type": "Forguncy.RbacPermission.Core.Impl.Page.PagePermissionData, Forguncy.RbacPermission.Core",
      "permissionResource": {
        "$type": "Forguncy.RbacPermission.Core.Impl.Page.PagePermissionResource, Forguncy.RbacPermission.Core"
      },
      "permissionBindings": [
        {
          "$type": "Forguncy.RbacPermission.Core.Impl.Page.PagePermissionBinding, Forguncy.RbacPermission.Core",
          "roleNames": [
            "FGC_Anonymous",
            "FGC_LoginUser",
            "Administrator"
          ]
        }
      ]
    },
    "RowBreakLines": [],
    "RepeatRangeSettings": []
  },
  "PrintInfo": {
    "PaperSize": {},
    "Orientation": 2,
    "Margin": {}
  }
}//hwOktKKZTtymwy+acLIfhEIVhhtzVDGY3hgK4yiUbGKiKw6p/W/QWhJdjExiFwUxqUjs3VRggQcXPWYaWWKvoFJ42rP4daIiCdkG71AjDyde8IuH6b060u4qWSX48Z5m6TO4LNQNmTbMuPNOO/sPGL+gzjCSpCSe/X4o7ZdQDvFLSBIbI13BTWnrqLlVUjfTtjsVbxzQb1jSOuX94sU7Gn3fRZsRVaFdlrh9DBu5RxWblDD/vOmiunl1nPNd2Piws/rdq46cerqIS2KS8KimxSnJyy/veOsdMFpnDmQpumX2/GUAYZNYjYusLynh8Y6UsIZBMFnit1VktSG+ErTBHGr0uYz8WzKDx5+uPSITffVdYYxBP8vDhCTTTZXxjj2rbw+MGODtA1UOMElR1lgEWmYwOCfhS+foDtMchCDw4Ok82mVI+44tBWGKa10JaOIzn5YKfgfxhLB2PX3cIasUFlZD9mhF0Y/bVzjkt0VX0sS97LxHaOoqvHcHpl74R1KGlvD8XoWDeh+kcGhEDb2Go3EpjHhnM+uxT51fEGb6z3XGP+nfiUNakJ9+TRz0OX0C87qQNhqmpy5DkeA32BcNZogG5qUTGWFN/sdkswpsSAsqC0EujYuCEi9CJ35zS9ML6UcG37yY2ZKORFQS/fksV8sPmk0rDPjNY5sspVJC1SjqPYp2opBHr205Rb6ncx0fu5USjh+RgB3OhHi6NbrMhadhkoIZf4nob0jGBUxe6PcjSbWzNuAsbRqZX5BA/wpYTNx+gCLuzqGLpKXG2H8lehXATec2zulHFtjn3sNwU5fc4b81SM/nXrqn8NGmrr9EDsSar2PfmScE9G7cGPghjTnx1DdYzeLCqSeCnbg43KEBnXuC+0auQ1O1+Ehx/3fqIl/wCpJkAxe9DbO4uunXFQ==|920